metric,trait,n_studies,sample_size,true_tau2,mean_effect,nsims,mean_estimate,bias,mean_tau2,tau2_bias,coverage
skewness,glucose,10,50,0,0.5,200,0.12719516188177693,-0.37280483811822307,0.042290817161029365,0.042290817161029365,0.4
skewness,glucose,10,50,0.05,0.5,200,0.13478815904262956,-0.36521184095737047,0.04818818856562788,-0.001811811434372125,0.42500000000000004
skewness,glucose,10,50,0.1,0.5,200,0.14711181416055388,-0.35288818583944614,0.04422946535643256,-0.055770534643567446,0.44499999999999995
skewness,glucose,10,50,0.25,0.5,200,0.12104348173239522,-0.3789565182676048,0.04604637170411944,-0.20395362829588057,0.365
kurtosis,glucose,10,50,0,0.5,200,19.25769361214134,18.75769361214134,0.5354508356260982,0.5354508356260982,0
kurtosis,glucose,10,50,0.05,0.5,200,11.592113172363261,11.092113172363261,11.351220636651485,11.301220636651484,0.06500000000000003
kurtosis,glucose,10,50,0.1,0.5,200,9.071321878181179,8.571321878181179,15.539170598575735,15.439170598575735,0.19999999999999996
kurtosis,glucose,10,50,0.25,0.5,200,6.155243578620772,5.655243578620772,11.84767340016738,11.59767340016738,0.43999999999999995
