trait,metric,summary_estimate,summary_se,summary_ci_lb,summary_ci_ub,ipd_estimate,ipd_se,ipd_ci_lb,ipd_ci_ub,difference,relative_difference,overlap
fat_mass,SK_delta,-0.3019281474223143,0.1965701043260234,-0.8072276870319255,0.20337139218729688,-4.4505856946565805,1.9848929995069504,-8.340975973690202,-0.5601954156229574,4.148657547234266,93.21599070017206,TRUE
fat_mass,KU_delta,-1.5321534374504802,1.169167854583828,-4.537595087253549,1.4732882123525888,-12.587874663947376,4.8668482742604136,-22.126897281497786,-3.0488520463969664,11.055721226496896,87.8283389503497,TRUE
heart_weight,SK_delta,-0.24803128587004344,0.23456728634411864,-0.851005691380737,0.3549431196406502,-6.5932458997924135,6.1521770816918675,-18.651512979908475,5.465021180323648,6.34521461392237,96.23810047979778,TRUE
heart_weight,KU_delta,-1.582926750116162,1.171408593191302,-4.5941284018820125,1.428274901649689,-43.74872249875161,37.65065948105263,-117.54401508161475,30.04657008411153,42.165795748635446,96.38177606177796,TRUE
glucose,SK_delta,0.03363320771093168,0.04457060072971483,-0.08093916892827197,0.1482055843501353,0.3663428651785611,0.915987210050543,-1.428992066520503,2.161677796877625,-0.33270965746762937,-90.81919946918077,TRUE
glucose,KU_delta,0.14702822659254014,0.11048229166672799,-0.13697554552542426,0.43103199871050457,1.3995884693677152,1.1906852070571552,-0.9341545364643087,3.733331475199739,-1.252560242775175,-89.49489583470472,TRUE
total_cholesterol,SK_delta,0.09401348227619219,0.0623193113063346,-0.06618340737723635,0.2542103719296207,-1.2896957852145499,2.0969896221837536,-5.399795444694707,2.8204038742656072,1.383709267490742,107.2895859127393,TRUE
total_cholesterol,KU_delta,-0.5292637812055851,0.32626215288626936,-1.3679473450706277,0.30941978265945724,-10.58828166882437,5.827026265549654,-22.009253149301696,0.8326898116529513,10.059017887618785,95.00141951489707,TRUE
